pubkey,scid,channel_capacity,outgoing_reputation,incoming_revenue
02cb0b711dcc2887736227aeeecb81ceadd372d978e7eeb9c85cb076b3420dbd3e,495879744192512,6000000000,0,2401
02cb0b711dcc2887736227aeeecb81ceadd372d978e7eeb9c85cb076b3420dbd3e,503576325586944,6000000000,362633,5818
02cb0b711dcc2887736227aeeecb81ceadd372d978e7eeb9c85cb076b3420dbd3e,454098302337024,10000000000,0,11647
02cb0b711dcc2887736227aeeecb81ceadd372d978e7eeb9c85cb076b3420dbd3e,571746046509056,10000000000,18185,360964
031bdbb93de14f5c3b1295fb964e6acce26d1dbfef8b18dfffdd45586551dcf1be,477188046520320,2000000000,0,0
031bdbb93de14f5c3b1295fb964e6acce26d1dbfef8b18dfffdd45586551dcf1be,599233837203456,10000000000,89151,0
031bdbb93de14f5c3b1295fb964e6acce26d1dbfef8b18dfffdd45586551dcf1be,489282674425856,5000000000,0,89151
031bdbb93de14f5c3b1295fb964e6acce26d1dbfef8b18dfffdd45586551dcf1be,465093418614784,10000000000,0,0
034571b9db808937e265a230fbafb1df2a1a6a9f0b291eed2df31a6b5f598978cc,550855325581312,357573000,0,0
034571b9db808937e265a230fbafb1df2a1a6a9f0b291eed2df31a6b5f598978cc,551954837209088,28311000,0,0
024bfaf0cabe7f874fd33ebf7c6f4e5385971fc504ef3f492432e9e3ec77e1b5cf,446401720942592,3066952000,0,7772
024bfaf0cabe7f874fd33ebf7c6f4e5385971fc504ef3f492432e9e3ec77e1b5cf,424411488387072,2159000000,231727,0
024bfaf0cabe7f874fd33ebf7c6f4e5385971fc504ef3f492432e9e3ec77e1b5cf,499178279075840,2000000000,0,3
024bfaf0cabe7f874fd33ebf7c6f4e5385971fc504ef3f492432e9e3ec77e1b5cf,532163627909120,10000000000,0,308913
024bfaf0cabe7f874fd33ebf7c6f4e5385971fc504ef3f492432e9e3ec77e1b5cf,448600744198144,8500000000,10925,0
024bfaf0cabe7f874fd33ebf7c6f4e5385971fc504ef3f492432e9e3ec77e1b5cf,526666069770240,3399741000,2684,179
024bfaf0cabe7f874fd33ebf7c6f4e5385971fc504ef3f492432e9e3ec77e1b5cf,467292441870336,5000000000,0,0
024bfaf0cabe7f874fd33ebf7c6f4e5385971fc504ef3f492432e9e3ec77e1b5cf,456297325592576,5000000000,70938,0
024bfaf0cabe7f874fd33ebf7c6f4e5385971fc504ef3f492432e9e3ec77e1b5cf,442003674431488,5000000000,600,0
0399aec05c7eadfcfab9ae0ede812e03e1e0e22914ec601fbd61f377762355bb71,589338232553472,5000000000,910341,2202714
0399aec05c7eadfcfab9ae0ede812e03e1e0e22914ec601fbd61f377762355bb71,559651418603520,2000000000,409035,996969
0399aec05c7eadfcfab9ae0ede812e03e1e0e22914ec601fbd61f377762355bb71,565148976742400,3000000000,719053,970251
0399aec05c7eadfcfab9ae0ede812e03e1e0e22914ec601fbd61f377762355bb71,591537255809024,10000000000,388291,55703
0399aec05c7eadfcfab9ae0ede812e03e1e0e22914ec601fbd61f377762355bb71,567347999997952,16384128000,2607762,808800
0242c1650f320c43f3600ebf3b5fcaf566760fcd421f35b68fd1e39a31b29ef540,371634930253824,4000000000,380150,26459
0242c1650f320c43f3600ebf3b5fcaf566760fcd421f35b68fd1e39a31b29ef540,438705139548160,6000000000,2199,50499
0242c1650f320c43f3600ebf3b5fcaf566760fcd421f35b68fd1e39a31b29ef540,398023209320448,5000000000,65690,12725
0242c1650f320c43f3600ebf3b5fcaf566760fcd421f35b68fd1e39a31b29ef540,427710023270400,7500000000,30651,51172
0242c1650f320c43f3600ebf3b5fcaf566760fcd421f35b68fd1e39a31b29ef540,538760697675776,15000000000,41339,379163
0298f6074a454a1f5345cb2a7c6f9fce206cd0bf675d177cdbf0ca7508dd28852f,396923697692672,3000000000,37278,1172586
0298f6074a454a1f5345cb2a7c6f9fce206cd0bf675d177cdbf0ca7508dd28852f,338649581420544,10000000000,21475606,96083
0298f6074a454a1f5345cb2a7c6f9fce206cd0bf675d177cdbf0ca7508dd28852f,455197813964800,5000000000,334744,3493121
0298f6074a454a1f5345cb2a7c6f9fce206cd0bf675d177cdbf0ca7508dd28852f,360639813976064,2500000000,138686,403128
0298f6074a454a1f5345cb2a7c6f9fce206cd0bf675d177cdbf0ca7508dd28852f,498078767448064,2000000000,18711,83343
0298f6074a454a1f5345cb2a7c6f9fce206cd0bf675d177cdbf0ca7508dd28852f,384829069787136,1600000000,48996,1186286
0298f6074a454a1f5345cb2a7c6f9fce206cd0bf675d177cdbf0ca7508dd28852f,588238720925696,49698486000,2091319,6339
0298f6074a454a1f5345cb2a7c6f9fce206cd0bf675d177cdbf0ca7508dd28852f,593736279064576,16777215000,241591,13674504
0298f6074a454a1f5345cb2a7c6f9fce206cd0bf675d177cdbf0ca7508dd28852f,570646534881280,10000000000,61666,318619
0298f6074a454a1f5345cb2a7c6f9fce206cd0bf675d177cdbf0ca7508dd28852f,443103186059264,5000000000,60171,2677778
0298f6074a454a1f5345cb2a7c6f9fce206cd0bf675d177cdbf0ca7508dd28852f,504675837214720,2000000000,29075,558335
0298f6074a454a1f5345cb2a7c6f9fce206cd0bf675d177cdbf0ca7508dd28852f,590437744181248,21654642000,824515,1687975
02cfdc6b60e5931d174a342b20b50d6a2a17c6e4ef8e077ea54069a3541ad50eb0,586039697670144,500000000,877,0
02cfdc6b60e5931d174a342b20b50d6a2a17c6e4ef8e077ea54069a3541ad50eb0,575044581392384,10000000000,0,877
026209a739dbf4ab8c73db56773a61247e92fecc53ec5c8f7ae41f6d11fec64a04,347445674442752,500000000,4347,251
026209a739dbf4ab8c73db56773a61247e92fecc53ec5c8f7ae41f6d11fec64a04,406819302342656,5000000000,0,0
026209a739dbf4ab8c73db56773a61247e92fecc53ec5c8f7ae41f6d11fec64a04,471690488381440,2000000000,0,0
026209a739dbf4ab8c73db56773a61247e92fecc53ec5c8f7ae41f6d11fec64a04,444202697687040,2000000000,251,4347
03864ef025fde8fb587d989186ce6a4a186895ee44a926bfc370e2c366597a3f8f,439804651175936,500000000,558515,119559
03864ef025fde8fb587d989186ce6a4a186895ee44a926bfc370e2c366597a3f8f,395824186064896,1800000000,50683,403372
03864ef025fde8fb587d989186ce6a4a186895ee44a926bfc370e2c366597a3f8f,583840674414592,3000000000,1792117,1321752
03864ef025fde8fb587d989186ce6a4a186895ee44a926bfc370e2c366597a3f8f,368336395370496,50000000000,0,5227
03864ef025fde8fb587d989186ce6a4a186895ee44a926bfc370e2c366597a3f8f,348545186070528,2000000000,307090,13944464
03864ef025fde8fb587d989186ce6a4a186895ee44a926bfc370e2c366597a3f8f,591537255809024,10000000000,7369003,0
03864ef025fde8fb587d989186ce6a4a186895ee44a926bfc370e2c366597a3f8f,449700255825920,500000000000,1854906,32046789
03864ef025fde8fb587d989186ce6a4a186895ee44a926bfc370e2c366597a3f8f,527765581398016,3198574000,262608,3012309
03864ef025fde8fb587d989186ce6a4a186895ee44a926bfc370e2c366597a3f8f,568447511625728,100000000000,144285,26223630
03864ef025fde8fb587d989186ce6a4a186895ee44a926bfc370e2c366597a3f8f,346346162814976,150000000000,65132465,391573
02b21ca992bf95e3f324302265ad86cec24f36166fd7afca44efa0809aaa8b25c5,473889511636992,2000000000,328426,20386
02b21ca992bf95e3f324302265ad86cec24f36166fd7afca44efa0809aaa8b25c5,516770465120256,18449825000,1801,2322206
02b21ca992bf95e3f324302265ad86cec24f36166fd7afca44efa0809aaa8b25c5,528865093025792,20000000000,278897,7307993
02b21ca992bf95e3f324302265ad86cec24f36166fd7afca44efa0809aaa8b25c5,340848604676096,10000000000,60081854,236459
02b21ca992bf95e3f324302265ad86cec24f36166fd7afca44efa0809aaa8b25c5,531064116281344,10000000000,460288,1009841
02b21ca992bf95e3f324302265ad86cec24f36166fd7afca44efa0809aaa8b25c5,410117837225984,4000000000,0,282754
02b21ca992bf95e3f324302265ad86cec24f36166fd7afca44efa0809aaa8b25c5,383729558159360,6500000000,0,3833062
02b21ca992bf95e3f324302265ad86cec24f36166fd7afca44efa0809aaa8b25c5,420013441875968,4000000000,296635,5840002
02b21ca992bf95e3f324302265ad86cec24f36166fd7afca44efa0809aaa8b25c5,372734441881600,4000000000,436946,83375
02b21ca992bf95e3f324302265ad86cec24f36166fd7afca44efa0809aaa8b25c5,426610511642624,2500000000,16402,4446109
02b21ca992bf95e3f324302265ad86cec24f36166fd7afca44efa0809aaa8b25c5,440904162803712,5000000000,64905,86037
02b21ca992bf95e3f324302265ad86cec24f36166fd7afca44efa0809aaa8b25c5,374933465137152,10000001000,436122,33151500
02b21ca992bf95e3f324302265ad86cec24f36166fd7afca44efa0809aaa8b25c5,373833953509376,4000000000,836588,951382
02b21ca992bf95e3f324302265ad86cec24f36166fd7afca44efa0809aaa8b25c5,438705139548160,6000000000,816601,4230608
02b21ca992bf95e3f324302265ad86cec24f36166fd7afca44efa0809aaa8b25c5,369435906998272,500000000,207866,51470
02b21ca992bf95e3f324302265ad86cec24f36166fd7afca44efa0809aaa8b25c5,431008558153728,4000000000,1387337,1838302
02b21ca992bf95e3f324302265ad86cec24f36166fd7afca44efa0809aaa8b25c5,562949953486848,4000000000,286128,346995
02b21ca992bf95e3f324302265ad86cec24f36166fd7afca44efa0809aaa8b25c5,465093418614784,10000000000,334758,232941
02aac548b877279c30f3abbb7301de93096e3b87144fc484dc3409bb0d6bd566b1,347445674442752,500000000,282895,297079
02aac548b877279c30f3abbb7301de93096e3b87144fc484dc3409bb0d6bd566b1,370535418626048,1100000000,231286,113596
02aac548b877279c30f3abbb7301de93096e3b87144fc484dc3409bb0d6bd566b1,391426139553792,1600625000,77296,2895
02aac548b877279c30f3abbb7301de93096e3b87144fc484dc3409bb0d6bd566b1,378232000020480,957997000,0,1609265
02aac548b877279c30f3abbb7301de93096e3b87144fc484dc3409bb0d6bd566b1,359540302348288,2000000000,2405042,620328
02aac548b877279c30f3abbb7301de93096e3b87144fc484dc3409bb0d6bd566b1,487083651170304,2000000000,928488,1281867
02d64d032d72d826b0b3ecbe359f11236995abd2491b5868c0abff42f7a0327a90,485984139542528,2000000000,2297,6529
02d64d032d72d826b0b3ecbe359f11236995abd2491b5868c0abff42f7a0327a90,354042744209408,500000000,8449,18169
02d64d032d72d826b0b3ecbe359f11236995abd2491b5868c0abff42f7a0327a90,355142255837184,10009953000,18167,612
02d64d032d72d826b0b3ecbe359f11236995abd2491b5868c0abff42f7a0327a90,414515883737088,1000000000,0,3600
0313827390afcae8876dc7d56c417d5698effb237e6eab45a364ac71e9e2044c9a,561850441859072,10000000000,134354,242275
0313827390afcae8876dc7d56c417d5698effb237e6eab45a364ac71e9e2044c9a,456297325592576,5000000000,0,131856
0313827390afcae8876dc7d56c417d5698effb237e6eab45a364ac71e9e2044c9a,474989023264768,2000000000,150428,11392
0313827390afcae8876dc7d56c417d5698effb237e6eab45a364ac71e9e2044c9a,455197813964800,5000000000,218524,117762
037c65e34444c37deaccde1f61f03b93e22b3d7451894d836f60132ee5a6f486ed,418913930248192,7777777000,0,0
037c65e34444c37deaccde1f61f03b93e22b3d7451894d836f60132ee5a6f486ed,536561674420224,8000000000,0,178810
037c65e34444c37deaccde1f61f03b93e22b3d7451894d836f60132ee5a6f486ed,529964604653568,7700000000,0,0
037c65e34444c37deaccde1f61f03b93e22b3d7451894d836f60132ee5a6f486ed,571746046509056,10000000000,178810,0
037c65e34444c37deaccde1f61f03b93e22b3d7451894d836f60132ee5a6f486ed,558551906975744,10000000000,0,0
037c65e34444c37deaccde1f61f03b93e22b3d7451894d836f60132ee5a6f486ed,390326627926016,10000000000,0,0
023e24602891c28a7872ea1ad5c1bb41abe4206ae1599bb981e3278a121e7895d6,584940186042368,10000000000,0,0
023e24602891c28a7872ea1ad5c1bb41abe4206ae1599bb981e3278a121e7895d6,525566558142464,10000000000,0,40525
023e24602891c28a7872ea1ad5c1bb41abe4206ae1599bb981e3278a121e7895d6,566248488370176,10000000000,0,4546331
023e24602891c28a7872ea1ad5c1bb41abe4206ae1599bb981e3278a121e7895d6,537661186048000,10000000000,0,0
023e24602891c28a7872ea1ad5c1bb41abe4206ae1599bb981e3278a121e7895d6,546457279070208,10000000000,11818567,0
023e24602891c28a7872ea1ad5c1bb41abe4206ae1599bb981e3278a121e7895d6,495879744192512,6000000000,40302,0
023e24602891c28a7872ea1ad5c1bb41abe4206ae1599bb981e3278a121e7895d6,339749093048320,10000000000,0,189249
023e24602891c28a7872ea1ad5c1bb41abe4206ae1599bb981e3278a121e7895d6,458496348848128,6000000000,0,0
023e24602891c28a7872ea1ad5c1bb41abe4206ae1599bb981e3278a121e7895d6,576144093020160,10000000000,0,349725
023e24602891c28a7872ea1ad5c1bb41abe4206ae1599bb981e3278a121e7895d6,515670953492480,39842776000,0,5455732
023e24602891c28a7872ea1ad5c1bb41abe4206ae1599bb981e3278a121e7895d6,493680720936960,6000000000,0,1289385
023e24602891c28a7872ea1ad5c1bb41abe4206ae1599bb981e3278a121e7895d6,460695372103680,1200000000,21306,9239
033e9ce4e8f0e68f7db49ffb6b9eecc10605f3f3fcb3c630545887749ab515b9c7,514571441864704,18070817000,2486542,1139462
033e9ce4e8f0e68f7db49ffb6b9eecc10605f3f3fcb3c630545887749ab515b9c7,510173395353600,16777215000,3902,57502
033e9ce4e8f0e68f7db49ffb6b9eecc10605f3f3fcb3c630545887749ab515b9c7,361739325603840,3000000000,373155,93363
033e9ce4e8f0e68f7db49ffb6b9eecc10605f3f3fcb3c630545887749ab515b9c7,516770465120256,18449825000,8852889,17477
033e9ce4e8f0e68f7db49ffb6b9eecc10605f3f3fcb3c630545887749ab515b9c7,329853488398336,10000000000,48160567,16843
033e9ce4e8f0e68f7db49ffb6b9eecc10605f3f3fcb3c630545887749ab515b9c7,547556790697984,5000000000,75511,247253
033e9ce4e8f0e68f7db49ffb6b9eecc10605f3f3fcb3c630545887749ab515b9c7,512372418609152,16777215000,17443527,238495
033e9ce4e8f0e68f7db49ffb6b9eecc10605f3f3fcb3c630545887749ab515b9c7,517869976748032,16777215000,6665565,1454829
033e9ce4e8f0e68f7db49ffb6b9eecc10605f3f3fcb3c630545887749ab515b9c7,502476813959168,3000000000,3042892,90174
033e9ce4e8f0e68f7db49ffb6b9eecc10605f3f3fcb3c630545887749ab515b9c7,416714906992640,21000000000,3526676,6885756
033e9ce4e8f0e68f7db49ffb6b9eecc10605f3f3fcb3c630545887749ab515b9c7,513471930236928,22222222000,11433090,2159477
033e9ce4e8f0e68f7db49ffb6b9eecc10605f3f3fcb3c630545887749ab515b9c7,595935302320128,16486691000,117517,30852
033e9ce4e8f0e68f7db49ffb6b9eecc10605f3f3fcb3c630545887749ab515b9c7,352943232581632,16777215000,6062366,4509044
033e9ce4e8f0e68f7db49ffb6b9eecc10605f3f3fcb3c630545887749ab515b9c7,505775348842496,88888888000,629898,2572027
033e9ce4e8f0e68f7db49ffb6b9eecc10605f3f3fcb3c630545887749ab515b9c7,393625162809344,40400400000,306010,53449
033e9ce4e8f0e68f7db49ffb6b9eecc10605f3f3fcb3c630545887749ab515b9c7,506874860470272,88888888000,44547793,19457
033e9ce4e8f0e68f7db49ffb6b9eecc10605f3f3fcb3c630545887749ab515b9c7,515670953492480,39842776000,558932,380931
033e9ce4e8f0e68f7db49ffb6b9eecc10605f3f3fcb3c630545887749ab515b9c7,520069000003584,279518538000,493244,29950344
033e9ce4e8f0e68f7db49ffb6b9eecc10605f3f3fcb3c630545887749ab515b9c7,549755813953536,200000000000,0,57394789
033e9ce4e8f0e68f7db49ffb6b9eecc10605f3f3fcb3c630545887749ab515b9c7,567347999997952,16384128000,1880417,7763902
033e9ce4e8f0e68f7db49ffb6b9eecc10605f3f3fcb3c630545887749ab515b9c7,355142255837184,10009953000,1274194,3111030
033e9ce4e8f0e68f7db49ffb6b9eecc10605f3f3fcb3c630545887749ab515b9c7,500277790703616,2000000000,464,9846
033e9ce4e8f0e68f7db49ffb6b9eecc10605f3f3fcb3c630545887749ab515b9c7,518969488375808,333333333000,620156,40358945
02a4002deca0ad6781b1c55ea5c692faae768fef44e1997c5723cb5393a98709ae,337550069792768,10000000000,3083909,3118
02a4002deca0ad6781b1c55ea5c692faae768fef44e1997c5723cb5393a98709ae,380431023276032,133731337000,0,335704
02a4002deca0ad6781b1c55ea5c692faae768fef44e1997c5723cb5393a98709ae,376032976764928,5000001000,1098,5209
02a4002deca0ad6781b1c55ea5c692faae768fef44e1997c5723cb5393a98709ae,349644697698304,1000000000,0,1787327
02a4002deca0ad6781b1c55ea5c692faae768fef44e1997c5723cb5393a98709ae,350744209326080,5000000000,340122,1170675
02a4002deca0ad6781b1c55ea5c692faae768fef44e1997c5723cb5393a98709ae,488183162798080,2000000000,17685,1198
02a4002deca0ad6781b1c55ea5c692faae768fef44e1997c5723cb5393a98709ae,362838837231616,2000000000,3103,142596
0333a4a1ec6ddb057fdc26c830ee0e457ddaa32c1eb476a8b46d4eb1a592f70578,581641651159040,3000000000,206855,1115279
0333a4a1ec6ddb057fdc26c830ee0e457ddaa32c1eb476a8b46d4eb1a592f70578,583840674414592,3000000000,13614395,165460
0333a4a1ec6ddb057fdc26c830ee0e457ddaa32c1eb476a8b46d4eb1a592f70578,367236883742720,505816000,0,0
0333a4a1ec6ddb057fdc26c830ee0e457ddaa32c1eb476a8b46d4eb1a592f70578,502476813959168,3000000000,32218,12572742
039edc94987c8f3adc28dab455efc00dea876089a120f573bd0b03c40d9d3fb1e1,511272906981376,16000000000,6373890,9545688
039edc94987c8f3adc28dab455efc00dea876089a120f573bd0b03c40d9d3fb1e1,365037860487168,2000000000,84647,70252
039edc94987c8f3adc28dab455efc00dea876089a120f573bd0b03c40d9d3fb1e1,509073883725824,100000000000,12240,3279
039edc94987c8f3adc28dab455efc00dea876089a120f573bd0b03c40d9d3fb1e1,592636767436800,16777215000,630,9429
039edc94987c8f3adc28dab455efc00dea876089a120f573bd0b03c40d9d3fb1e1,548656302325760,6000000000,0,1722268
039edc94987c8f3adc28dab455efc00dea876089a120f573bd0b03c40d9d3fb1e1,403520767459328,7651301000,0,9449
039edc94987c8f3adc28dab455efc00dea876089a120f573bd0b03c40d9d3fb1e1,401321744203776,50000000000,71223,1113285
039edc94987c8f3adc28dab455efc00dea876089a120f573bd0b03c40d9d3fb1e1,450799767453696,16435392000,108193,736689
039edc94987c8f3adc28dab455efc00dea876089a120f573bd0b03c40d9d3fb1e1,549755813953536,200000000000,0,46078808
039edc94987c8f3adc28dab455efc00dea876089a120f573bd0b03c40d9d3fb1e1,332052511653888,10000000000,52640793,2595
02f1a8c87607f415c8f22c00593002775941dea48869ce23096af27b0cfdcc0b69,394724674437120,50500500000,0,1646037
02f1a8c87607f415c8f22c00593002775941dea48869ce23096af27b0cfdcc0b69,459595860475904,1000000000,166273,246946
02f1a8c87607f415c8f22c00593002775941dea48869ce23096af27b0cfdcc0b69,437605627920384,14081887000,11327667,1231112
02f1a8c87607f415c8f22c00593002775941dea48869ce23096af27b0cfdcc0b69,407918813970432,4093035000,578912,426572
02f1a8c87607f415c8f22c00593002775941dea48869ce23096af27b0cfdcc0b69,501377302331392,2000000000,1352155,519599
02f1a8c87607f415c8f22c00593002775941dea48869ce23096af27b0cfdcc0b69,380431023276032,133731337000,24470886,17219901
02f1a8c87607f415c8f22c00593002775941dea48869ce23096af27b0cfdcc0b69,409018325598208,30000000000,8467957,450528
02f1a8c87607f415c8f22c00593002775941dea48869ce23096af27b0cfdcc0b69,461794883731456,20000000000,3990244,110719
02f1a8c87607f415c8f22c00593002775941dea48869ce23096af27b0cfdcc0b69,518969488375808,333333333000,111729470,62788845
02f1a8c87607f415c8f22c00593002775941dea48869ce23096af27b0cfdcc0b69,466192930242560,5000000000,1129932,869282
02f1a8c87607f415c8f22c00593002775941dea48869ce23096af27b0cfdcc0b69,458496348848128,6000000000,0,20810
02f1a8c87607f415c8f22c00593002775941dea48869ce23096af27b0cfdcc0b69,411217348853760,50000000000,1238518,9416637
02f1a8c87607f415c8f22c00593002775941dea48869ce23096af27b0cfdcc0b69,582741162786816,10000000000,512072,1028887
02f1a8c87607f415c8f22c00593002775941dea48869ce23096af27b0cfdcc0b69,587139209297920,4800000000,2064257,1280721
02f1a8c87607f415c8f22c00593002775941dea48869ce23096af27b0cfdcc0b69,535462162792448,1250000000,1038721,306232
02f1a8c87607f415c8f22c00593002775941dea48869ce23096af27b0cfdcc0b69,399122720948224,100000000000,12793753,14183101
02f1a8c87607f415c8f22c00593002775941dea48869ce23096af27b0cfdcc0b69,523367534886912,80000000000,16775446,3578398
02f1a8c87607f415c8f22c00593002775941dea48869ce23096af27b0cfdcc0b69,560750930231296,1000000000,330183,104725
02f1a8c87607f415c8f22c00593002775941dea48869ce23096af27b0cfdcc0b69,496979255820288,15000000000,1207368,3333558
02f1a8c87607f415c8f22c00593002775941dea48869ce23096af27b0cfdcc0b69,598134325575680,200000000000,98698,10099203
02f1a8c87607f415c8f22c00593002775941dea48869ce23096af27b0cfdcc0b69,382630046531584,15000000000,2728724,3281730
02f1a8c87607f415c8f22c00593002775941dea48869ce23096af27b0cfdcc0b69,449700255825920,500000000000,28878455,135458199
02f1a8c87607f415c8f22c00593002775941dea48869ce23096af27b0cfdcc0b69,434307093037056,3000000000,2037152,197471
02f1a8c87607f415c8f22c00593002775941dea48869ce23096af27b0cfdcc0b69,418913930248192,7777777000,645755,380503
02f1a8c87607f415c8f22c00593002775941dea48869ce23096af27b0cfdcc0b69,553054348836864,100000000000,15609820,3124736
02f1a8c87607f415c8f22c00593002775941dea48869ce23096af27b0cfdcc0b69,404620279087104,6300000000,8434512,449314
02f1a8c87607f415c8f22c00593002775941dea48869ce23096af27b0cfdcc0b69,383729558159360,6500000000,5376717,96019
02f1a8c87607f415c8f22c00593002775941dea48869ce23096af27b0cfdcc0b69,533263139536896,10000000000,194093,568529
02f1a8c87607f415c8f22c00593002775941dea48869ce23096af27b0cfdcc0b69,392525651181568,3154337000,2486860,731819
02f1a8c87607f415c8f22c00593002775941dea48869ce23096af27b0cfdcc0b69,381530534903808,8000000000,0,428936
02f1a8c87607f415c8f22c00593002775941dea48869ce23096af27b0cfdcc0b69,378232000020480,957997000,276323,0
02f1a8c87607f415c8f22c00593002775941dea48869ce23096af27b0cfdcc0b69,565148976742400,3000000000,8362298,723449
02f3d9e33a2de53e128ae1821f0cff02f7e8c9b6872d949f0ebb0c8e388bad82ac,466192930242560,5000000000,322854,598745
02f3d9e33a2de53e128ae1821f0cff02f7e8c9b6872d949f0ebb0c8e388bad82ac,442003674431488,5000000000,0,334105
02f3d9e33a2de53e128ae1821f0cff02f7e8c9b6872d949f0ebb0c8e388bad82ac,443103186059264,5000000000,621153,11199
032edd981ea842209bd1f8bf5e8b753134fbee4a5efe0d928bc05fc44c67079622,550855325581312,357573000,56874,251626
032edd981ea842209bd1f8bf5e8b753134fbee4a5efe0d928bc05fc44c67079622,434307093037056,3000000000,176862,162161906
032edd981ea842209bd1f8bf5e8b753134fbee4a5efe0d928bc05fc44c67079622,526666069770240,3399741000,0,4659837
032edd981ea842209bd1f8bf5e8b753134fbee4a5efe0d928bc05fc44c67079622,527765581398016,3198574000,166841254,1306
020f744caa3a20c3195de8752024f98edf1100b072db7bc5d582d64a860132e7c0,542059232559104,4100000000,1115319,297178
020f744caa3a20c3195de8752024f98edf1100b072db7bc5d582d64a860132e7c0,496979255820288,15000000000,439411,1228297
020f744caa3a20c3195de8752024f98edf1100b072db7bc5d582d64a860132e7c0,521168511631360,7500000000,138471,167786
020f744caa3a20c3195de8752024f98edf1100b072db7bc5d582d64a860132e7c0,467292441870336,5000000000,0,0
032c2cb64ef0b6d5f4fac7b474712517b461fdf30ca85c32ed8d9a35c752042fc9,586039697670144,500000000,4440,255
032c2cb64ef0b6d5f4fac7b474712517b461fdf30ca85c32ed8d9a35c752042fc9,587139209297920,4800000000,255,4440
02fe6a27ddcb2dd9fa8479fe1d52549b5932079a493b51f1409fa2c5878f1bc07c,388127604670464,2705056000,1446396,1167515
02fe6a27ddcb2dd9fa8479fe1d52549b5932079a493b51f1409fa2c5878f1bc07c,393625162809344,40400400000,214891,227792581
02fe6a27ddcb2dd9fa8479fe1d52549b5932079a493b51f1409fa2c5878f1bc07c,400222232576000,20200200000,27511,3213848
02fe6a27ddcb2dd9fa8479fe1d52549b5932079a493b51f1409fa2c5878f1bc07c,401321744203776,50000000000,2539797,107946922
02fe6a27ddcb2dd9fa8479fe1d52549b5932079a493b51f1409fa2c5878f1bc07c,457396837220352,20200200000,1362690,88830506
02fe6a27ddcb2dd9fa8479fe1d52549b5932079a493b51f1409fa2c5878f1bc07c,335351046537216,10000000000,446952111,59795
02fe6a27ddcb2dd9fa8479fe1d52549b5932079a493b51f1409fa2c5878f1bc07c,389227116298240,12345678000,4787144,16934066
02fe6a27ddcb2dd9fa8479fe1d52549b5932079a493b51f1409fa2c5878f1bc07c,390326627926016,10000000000,477356,11970215
02fe6a27ddcb2dd9fa8479fe1d52549b5932079a493b51f1409fa2c5878f1bc07c,394724674437120,50500500000,108125,0
035a43121d24b2ff465e85af9c07963701f259b5ce4ee636e3aeb503cc64142c11,337550069792768,10000000000,0,0
035a43121d24b2ff465e85af9c07963701f259b5ce4ee636e3aeb503cc64142c11,345246651187200,10000000000,0,0
035a43121d24b2ff465e85af9c07963701f259b5ce4ee636e3aeb503cc64142c11,348545186070529,80000000000,0,0
035a43121d24b2ff465e85af9c07963701f259b5ce4ee636e3aeb503cc64142c11,341948116303872,10000000000,0,0
035a43121d24b2ff465e85af9c07963701f259b5ce4ee636e3aeb503cc64142c11,338649581420544,10000000000,0,0
035a43121d24b2ff465e85af9c07963701f259b5ce4ee636e3aeb503cc64142c11,329853488398336,10000000000,0,0
035a43121d24b2ff465e85af9c07963701f259b5ce4ee636e3aeb503cc64142c11,332052511653888,10000000000,0,0
035a43121d24b2ff465e85af9c07963701f259b5ce4ee636e3aeb503cc64142c11,339749093048320,10000000000,0,0
035a43121d24b2ff465e85af9c07963701f259b5ce4ee636e3aeb503cc64142c11,334251534909440,10000000000,0,0
035a43121d24b2ff465e85af9c07963701f259b5ce4ee636e3aeb503cc64142c11,336450558164992,10000000000,0,0
035a43121d24b2ff465e85af9c07963701f259b5ce4ee636e3aeb503cc64142c11,333152023281664,10000000000,0,0
035a43121d24b2ff465e85af9c07963701f259b5ce4ee636e3aeb503cc64142c11,340848604676096,10000000000,0,0
035a43121d24b2ff465e85af9c07963701f259b5ce4ee636e3aeb503cc64142c11,344147139559424,10000000000,0,0
035a43121d24b2ff465e85af9c07963701f259b5ce4ee636e3aeb503cc64142c11,346346162814976,150000000000,0,0
035a43121d24b2ff465e85af9c07963701f259b5ce4ee636e3aeb503cc64142c11,335351046537216,10000000000,0,0
035a43121d24b2ff465e85af9c07963701f259b5ce4ee636e3aeb503cc64142c11,343047627931648,10000000000,0,0
035a43121d24b2ff465e85af9c07963701f259b5ce4ee636e3aeb503cc64142c11,330953000026112,10000000000,0,0
02c911ba09b21441200e0424279720ec13290b36cd51f4ab1a80cbb40b3baf0fe1,522268023259136,10000000000,0,56849
02c911ba09b21441200e0424279720ec13290b36cd51f4ab1a80cbb40b3baf0fe1,524467046514688,7000000000,0,806643
02c911ba09b21441200e0424279720ec13290b36cd51f4ab1a80cbb40b3baf0fe1,554153860464640,5662475000,69627,146670
02c911ba09b21441200e0424279720ec13290b36cd51f4ab1a80cbb40b3baf0fe1,405719790714880,3000000000,435269,7308
02c911ba09b21441200e0424279720ec13290b36cd51f4ab1a80cbb40b3baf0fe1,423311976759296,2000000000,525188,12588
038fb77fd39a5d0782027a420571482d9dbef1a24f129bbafc487ac084a2251e5f,470590976753664,2000000000,2220031,186118
038fb77fd39a5d0782027a420571482d9dbef1a24f129bbafc487ac084a2251e5f,351843720953856,5000000000,55066,1971169
038fb77fd39a5d0782027a420571482d9dbef1a24f129bbafc487ac084a2251e5f,349644697698304,1000000000,5733283,0
038fb77fd39a5d0782027a420571482d9dbef1a24f129bbafc487ac084a2251e5f,517869976748032,16777215000,0,5851038
02a2106a4681d68080cf3d8a3b706d6925142aee0caf99302e481dbb08feabfa1a,447501232570368,5000000000,90876,341526
02a2106a4681d68080cf3d8a3b706d6925142aee0caf99302e481dbb08feabfa1a,511272906981376,16000000000,1097248,1068352
02a2106a4681d68080cf3d8a3b706d6925142aee0caf99302e481dbb08feabfa1a,521168511631360,7500000000,354723,869247
02a2106a4681d68080cf3d8a3b706d6925142aee0caf99302e481dbb08feabfa1a,427710023270400,7500000000,156879,630829
02a2106a4681d68080cf3d8a3b706d6925142aee0caf99302e481dbb08feabfa1a,429909046525952,5000000000,20920,8954
02a2106a4681d68080cf3d8a3b706d6925142aee0caf99302e481dbb08feabfa1a,476088534892544,2000000000,1276956,58476
02a2106a4681d68080cf3d8a3b706d6925142aee0caf99302e481dbb08feabfa1a,431008558153728,4000000000,8326,28365
03c38c9abb6694747ea04bf7fdd008a413c7833b338dc79622a29e51bac48b5bd7,439804651175936,500000000,0,0
021998f701de16564da7abff57abf8a79bd722de3f0152d5e7a219021fd5287510,452998790709248,5000000000,25713,1744552
021998f701de16564da7abff57abf8a79bd722de3f0152d5e7a219021fd5287510,451899279081472,5000000000,418638,273507
021998f701de16564da7abff57abf8a79bd722de3f0152d5e7a219021fd5287510,507974372098048,10000000000,481754,275931
021998f701de16564da7abff57abf8a79bd722de3f0152d5e7a219021fd5287510,528865093025792,20000000000,1922479,196333
021998f701de16564da7abff57abf8a79bd722de3f0152d5e7a219021fd5287510,450799767453696,16435392000,1905846,1750690
021998f701de16564da7abff57abf8a79bd722de3f0152d5e7a219021fd5287510,572845558136832,3000000000,555042,7832
021998f701de16564da7abff57abf8a79bd722de3f0152d5e7a219021fd5287510,544258255814656,5160000000,180638,1241264
03627ebe50fc6eb80b0caab0c3714958c701eda735e3c29588e83150d6d4a93976,468391953498112,2000000000,291581,25892
03627ebe50fc6eb80b0caab0c3714958c701eda735e3c29588e83150d6d4a93976,548656302325760,6000000000,884017,385515
03627ebe50fc6eb80b0caab0c3714958c701eda735e3c29588e83150d6d4a93976,578343116275712,4000000000,793956,10978
03627ebe50fc6eb80b0caab0c3714958c701eda735e3c29588e83150d6d4a93976,428809534898176,5000000000,2980,1319106
03627ebe50fc6eb80b0caab0c3714958c701eda735e3c29588e83150d6d4a93976,582741162786816,10000000000,833602,468565
03627ebe50fc6eb80b0caab0c3714958c701eda735e3c29588e83150d6d4a93976,422212465131520,5000000000,30963,11769
03627ebe50fc6eb80b0caab0c3714958c701eda735e3c29588e83150d6d4a93976,534362651164672,15000000000,21155,941924
03627ebe50fc6eb80b0caab0c3714958c701eda735e3c29588e83150d6d4a93976,405719790714880,3000000000,224161,1265915
03627ebe50fc6eb80b0caab0c3714958c701eda735e3c29588e83150d6d4a93976,547556790697984,5000000000,1413975,66796
0364913d18a19c671bb36dd04d6ad5be0fe8f2894314c36a9db3f03c2d414907e1,421112953503744,5000000000,647589,1881196
0364913d18a19c671bb36dd04d6ad5be0fe8f2894314c36a9db3f03c2d414907e1,481586093031424,2000000000,679181,17097694
0364913d18a19c671bb36dd04d6ad5be0fe8f2894314c36a9db3f03c2d414907e1,469491465125888,2000000000,1048038,2939805
0364913d18a19c671bb36dd04d6ad5be0fe8f2894314c36a9db3f03c2d414907e1,485984139542528,2000000000,374562,1805152
0364913d18a19c671bb36dd04d6ad5be0fe8f2894314c36a9db3f03c2d414907e1,525566558142464,10000000000,11309759,0
0364913d18a19c671bb36dd04d6ad5be0fe8f2894314c36a9db3f03c2d414907e1,470590976753664,2000000000,402173,2845636
0364913d18a19c671bb36dd04d6ad5be0fe8f2894314c36a9db3f03c2d414907e1,482685604659200,2000000000,563197,2825748
0364913d18a19c671bb36dd04d6ad5be0fe8f2894314c36a9db3f03c2d414907e1,476088534892544,2000000000,2499114,5571420
0364913d18a19c671bb36dd04d6ad5be0fe8f2894314c36a9db3f03c2d414907e1,474989023264768,2000000000,3434274,4894786
0364913d18a19c671bb36dd04d6ad5be0fe8f2894314c36a9db3f03c2d414907e1,479387069775872,2000000000,98007,935950
0364913d18a19c671bb36dd04d6ad5be0fe8f2894314c36a9db3f03c2d414907e1,498078767448064,2000000000,1032040,2069506
0364913d18a19c671bb36dd04d6ad5be0fe8f2894314c36a9db3f03c2d414907e1,471690488381440,2000000000,181936,4576560
0364913d18a19c671bb36dd04d6ad5be0fe8f2894314c36a9db3f03c2d414907e1,501377302331392,2000000000,25677898,18754908
0364913d18a19c671bb36dd04d6ad5be0fe8f2894314c36a9db3f03c2d414907e1,569547023253504,10000000000,3225012,7288694
0364913d18a19c671bb36dd04d6ad5be0fe8f2894314c36a9db3f03c2d414907e1,490382186053632,2000000000,113837,586689
0364913d18a19c671bb36dd04d6ad5be0fe8f2894314c36a9db3f03c2d414907e1,480486581403648,2000000000,511039,1288766
0364913d18a19c671bb36dd04d6ad5be0fe8f2894314c36a9db3f03c2d414907e1,487083651170304,2000000000,1222152,2283327
0364913d18a19c671bb36dd04d6ad5be0fe8f2894314c36a9db3f03c2d414907e1,472790000009216,2000000000,10424,821345
0364913d18a19c671bb36dd04d6ad5be0fe8f2894314c36a9db3f03c2d414907e1,468391953498112,2000000000,1040825,7895392
0364913d18a19c671bb36dd04d6ad5be0fe8f2894314c36a9db3f03c2d414907e1,484884627914752,2000000000,1723688,304578
0364913d18a19c671bb36dd04d6ad5be0fe8f2894314c36a9db3f03c2d414907e1,488183162798080,2000000000,463359,7073769
0364913d18a19c671bb36dd04d6ad5be0fe8f2894314c36a9db3f03c2d414907e1,529964604653568,7700000000,50313,85984
0364913d18a19c671bb36dd04d6ad5be0fe8f2894314c36a9db3f03c2d414907e1,478287558148096,2000000000,0,892122
0364913d18a19c671bb36dd04d6ad5be0fe8f2894314c36a9db3f03c2d414907e1,344147139559424,10000000000,59057633,389848
0364913d18a19c671bb36dd04d6ad5be0fe8f2894314c36a9db3f03c2d414907e1,500277790703616,2000000000,17663174,74662
0364913d18a19c671bb36dd04d6ad5be0fe8f2894314c36a9db3f03c2d414907e1,492581209309184,2000000000,2399131,5314385
0364913d18a19c671bb36dd04d6ad5be0fe8f2894314c36a9db3f03c2d414907e1,477188046520320,2000000000,227223,2293752
0364913d18a19c671bb36dd04d6ad5be0fe8f2894314c36a9db3f03c2d414907e1,483785116286976,2000000000,4924668,2261958
0364913d18a19c671bb36dd04d6ad5be0fe8f2894314c36a9db3f03c2d414907e1,473889511636992,2000000000,201268,238186
0364913d18a19c671bb36dd04d6ad5be0fe8f2894314c36a9db3f03c2d414907e1,572845558136832,3000000000,1797840,18699624
0364913d18a19c671bb36dd04d6ad5be0fe8f2894314c36a9db3f03c2d414907e1,499178279075840,2000000000,3057732,513
0364913d18a19c671bb36dd04d6ad5be0fe8f2894314c36a9db3f03c2d414907e1,491481697681408,2000000000,252537,20609090
0364913d18a19c671bb36dd04d6ad5be0fe8f2894314c36a9db3f03c2d414907e1,494780232564736,2000000000,57656,1345763
035b1ff29e8db1ba8f2a4f4f95db239b54069cb949b8cde329418e2a83da4f1b30,359540302348288,2000000000,620645,68365
035b1ff29e8db1ba8f2a4f4f95db239b54069cb949b8cde329418e2a83da4f1b30,333152023281665,10000000000,202888,1167691
035b1ff29e8db1ba8f2a4f4f95db239b54069cb949b8cde329418e2a83da4f1b30,436506116292608,6000000000,29489,2434687
035b1ff29e8db1ba8f2a4f4f95db239b54069cb949b8cde329418e2a83da4f1b30,358440790720512,2000000000,0,41987
035b1ff29e8db1ba8f2a4f4f95db239b54069cb949b8cde329418e2a83da4f1b30,398023209320448,5000000000,344103,327536
035b1ff29e8db1ba8f2a4f4f95db239b54069cb949b8cde329418e2a83da4f1b30,411217348853760,50000000000,1909568,468865
035b1ff29e8db1ba8f2a4f4f95db239b54069cb949b8cde329418e2a83da4f1b30,400222232576000,20200200000,1072341,83665
035b1ff29e8db1ba8f2a4f4f95db239b54069cb949b8cde329418e2a83da4f1b30,551954837209088,28311000,27241,75919
035b1ff29e8db1ba8f2a4f4f95db239b54069cb949b8cde329418e2a83da4f1b30,537661186048000,10000000000,0,118439
035b1ff29e8db1ba8f2a4f4f95db239b54069cb949b8cde329418e2a83da4f1b30,506874860470272,88888888000,53060,327318
035b1ff29e8db1ba8f2a4f4f95db239b54069cb949b8cde329418e2a83da4f1b30,577243604647936,10000000000,8741,1499236
035b1ff29e8db1ba8f2a4f4f95db239b54069cb949b8cde329418e2a83da4f1b30,445302209314816,10000000000,2611,11996
035b1ff29e8db1ba8f2a4f4f95db239b54069cb949b8cde329418e2a83da4f1b30,333152023281664,10000000000,3671032,18122
035b1ff29e8db1ba8f2a4f4f95db239b54069cb949b8cde329418e2a83da4f1b30,588238720925696,49698486000,2470,1300429
0223c154b52d907a9d763c6f0c356f5d665d6b5046992355bbcfa58cfa2146700e,385928581414912,1000000000,3633,608
0223c154b52d907a9d763c6f0c356f5d665d6b5046992355bbcfa58cfa2146700e,388127604670464,2705056000,608,3633
03ceca124ca305f615fa78386f2317ce43c19529b3f0be0ad9bfe479216043ada7,387028093042688,1000000000,215578,49393
03ceca124ca305f615fa78386f2317ce43c19529b3f0be0ad9bfe479216043ada7,385928581414912,1000000000,44522,38592
03ceca124ca305f615fa78386f2317ce43c19529b3f0be0ad9bfe479216043ada7,402421255831552,1000000000,12040,184153
02e0d304ea61db67dcee3c3c4b53b1c43e3ed0a52e369cc86fe6e3562579739aa7,589338232553472,5000000000,0,0
0395ac249d64403e98e344a510581893ee9855b0ddf25a30b5de1c6d2567a8a987,559651418603520,2000000000,0,0
038a43948bc67703c9ce8a94aa298867b8533633ae95dc80edf6e34020e820f030,423311976759296,2000000000,0,16672
038a43948bc67703c9ce8a94aa298867b8533633ae95dc80edf6e34020e820f030,469491465125888,2000000000,0,0
038a43948bc67703c9ce8a94aa298867b8533633ae95dc80edf6e34020e820f030,573945069764608,4000000000,30972,616
038a43948bc67703c9ce8a94aa298867b8533633ae95dc80edf6e34020e820f030,451899279081472,5000000000,5410,19102
03bd6d28432d67effa2b2b89dd5fd68697940e8a8f2fbb84aaae90d584295b03bf,417814418620416,3000000000,191541,28331
03bd6d28432d67effa2b2b89dd5fd68697940e8a8f2fbb84aaae90d584295b03bf,421112953503744,5000000000,7399529,0
03bd6d28432d67effa2b2b89dd5fd68697940e8a8f2fbb84aaae90d584295b03bf,416714906992640,21000000000,0,1009556
03bd6d28432d67effa2b2b89dd5fd68697940e8a8f2fbb84aaae90d584295b03bf,413416372109312,4000000000,0,66507
03bd6d28432d67effa2b2b89dd5fd68697940e8a8f2fbb84aaae90d584295b03bf,420013441875968,4000000000,58946,108561
03bd6d28432d67effa2b2b89dd5fd68697940e8a8f2fbb84aaae90d584295b03bf,422212465131520,5000000000,1540033,9282
03bd6d28432d67effa2b2b89dd5fd68697940e8a8f2fbb84aaae90d584295b03bf,425511000014848,16000000000,0,7995968
03bd6d28432d67effa2b2b89dd5fd68697940e8a8f2fbb84aaae90d584295b03bf,429909046525952,5000000000,209132,180950
03006fcf3312dae8d068ea297f58e2bd00ec1ffe214b793eda46966b6294a53ce6,341948116303872,10000000000,1062239,41438
03006fcf3312dae8d068ea297f58e2bd00ec1ffe214b793eda46966b6294a53ce6,424411488387072,2159000000,0,670372
03006fcf3312dae8d068ea297f58e2bd00ec1ffe214b793eda46966b6294a53ce6,399122720948224,100000000000,70595,160911
03006fcf3312dae8d068ea297f58e2bd00ec1ffe214b793eda46966b6294a53ce6,580542139531264,12000000000,6964,37498
03006fcf3312dae8d068ea297f58e2bd00ec1ffe214b793eda46966b6294a53ce6,367236883742720,505816000,38311,267891
03540c5a5159390c5644e16a80e5a8036f99759a06c6eb4ecbd0a84c11dc64f7de,354042744209408,500000000,474,595592
03540c5a5159390c5644e16a80e5a8036f99759a06c6eb4ecbd0a84c11dc64f7de,395824186064896,1800000000,4874241,3944
03540c5a5159390c5644e16a80e5a8036f99759a06c6eb4ecbd0a84c11dc64f7de,407918813970432,4093035000,1859,3576564
03540c5a5159390c5644e16a80e5a8036f99759a06c6eb4ecbd0a84c11dc64f7de,370535418626048,1100000000,21,241801
03540c5a5159390c5644e16a80e5a8036f99759a06c6eb4ecbd0a84c11dc64f7de,384829069787136,1600000000,3078,461609
032419161f0505a955c4025e90eb441f5cf5b103a99b9f2cde2965fb80e6b29d8c,564049465114624,10000000000,0,0
032419161f0505a955c4025e90eb441f5cf5b103a99b9f2cde2965fb80e6b29d8c,514571441864704,18070817000,0,0
032419161f0505a955c4025e90eb441f5cf5b103a99b9f2cde2965fb80e6b29d8c,379331511648256,6000000000,0,0
0205198c099c45acedf988445f71da087ca39cd80847e53a7819e8f4e45768d7d3,542059232559104,4100000000,0,9168
0205198c099c45acedf988445f71da087ca39cd80847e53a7819e8f4e45768d7d3,543158744186880,3800000000,3706,35004
0205198c099c45acedf988445f71da087ca39cd80847e53a7819e8f4e45768d7d3,544258255814656,5160000000,0,81465
0205198c099c45acedf988445f71da087ca39cd80847e53a7819e8f4e45768d7d3,581641651159040,3000000000,295977,3706
0205198c099c45acedf988445f71da087ca39cd80847e53a7819e8f4e45768d7d3,561850441859072,10000000000,0,170339
02529db69fd2ebd3126fb66fafa234fc3544477a23d509fe93ed229bb0e92e4fb8,437605627920384,14081887000,19041,0
02529db69fd2ebd3126fb66fafa234fc3544477a23d509fe93ed229bb0e92e4fb8,357341279092736,1000000000,0,19041
02c4ae20674d7627021639986d75988b5f17c8693ed43b794beeef2384d04e5bf1,555253372092416,10000000000,0,0
02c4ae20674d7627021639986d75988b5f17c8693ed43b794beeef2384d04e5bf1,546457279070208,10000000000,0,0
02c4ae20674d7627021639986d75988b5f17c8693ed43b794beeef2384d04e5bf1,404620279087104,6300000000,0,0
02c4ae20674d7627021639986d75988b5f17c8693ed43b794beeef2384d04e5bf1,503576325586944,6000000000,0,0
02c4ae20674d7627021639986d75988b5f17c8693ed43b794beeef2384d04e5bf1,436506116292608,6000000000,0,0
02c4ae20674d7627021639986d75988b5f17c8693ed43b794beeef2384d04e5bf1,545357767442432,10000000000,0,0
033d38e07e2541628214c8184cf6c562311059872363e9f538b2f45434418b5bc5,374933465137152,10000001000,243282,59899
033d38e07e2541628214c8184cf6c562311059872363e9f538b2f45434418b5bc5,512372418609152,16777215000,1735486,3226882
033d38e07e2541628214c8184cf6c562311059872363e9f538b2f45434418b5bc5,452998790709248,5000000000,476286,3182511
033d38e07e2541628214c8184cf6c562311059872363e9f538b2f45434418b5bc5,489282674425856,5000000000,220818,147315
033d38e07e2541628214c8184cf6c562311059872363e9f538b2f45434418b5bc5,491481697681408,2000000000,1763027,0
033d38e07e2541628214c8184cf6c562311059872363e9f538b2f45434418b5bc5,376032976764928,5000001000,283885,6059641
033d38e07e2541628214c8184cf6c562311059872363e9f538b2f45434418b5bc5,579442627903488,10000000000,7612266,12473
033d38e07e2541628214c8184cf6c562311059872363e9f538b2f45434418b5bc5,360639813976064,2500000000,363453,8667
02bcf5a79decf6f700808a5f6d00edc4d597199e1f1cc09149ae42ebf334e4da50,396923697692672,3000000000,0,0
02bcf5a79decf6f700808a5f6d00edc4d597199e1f1cc09149ae42ebf334e4da50,358440790720512,2000000000,0,0
02bcf5a79decf6f700808a5f6d00edc4d597199e1f1cc09149ae42ebf334e4da50,365037860487168,2000000000,0,0
02bcf5a79decf6f700808a5f6d00edc4d597199e1f1cc09149ae42ebf334e4da50,482685604659200,2000000000,0,0
036ea732371dd1164ce91adbb567a4f0a768e5babd6a05488894a935800619a500,490382186053632,2000000000,0,147
036ea732371dd1164ce91adbb567a4f0a768e5babd6a05488894a935800619a500,412316860481536,1000000000,0,4307
036ea732371dd1164ce91adbb567a4f0a768e5babd6a05488894a935800619a500,504675837214720,2000000000,4453,0
036360986f6673fd63711d6153841ae613e040bd1f7d32d648a1befdfc6ce4a702,535462162792448,1250000000,6870,28399
036360986f6673fd63711d6153841ae613e040bd1f7d32d648a1befdfc6ce4a702,402421255831552,1000000000,28399,6870
038607b58550d272ce8a058b77bc7a00e099687531359074bb600477f6bb7d1764,545357767442432,10000000000,5267,0
038607b58550d272ce8a058b77bc7a00e099687531359074bb600477f6bb7d1764,584940186042368,10000000000,0,0
038607b58550d272ce8a058b77bc7a00e099687531359074bb600477f6bb7d1764,445302209314816,10000000000,0,4940
038607b58550d272ce8a058b77bc7a00e099687531359074bb600477f6bb7d1764,481586093031424,2000000000,834,326
038607b58550d272ce8a058b77bc7a00e099687531359074bb600477f6bb7d1764,557452395347968,10000000000,0,834
037d7494f666955d305c09b9f3b4ad4288c6278c4b336608a16129e94e662b3c90,369435906998272,500000000,43040,29397
037d7494f666955d305c09b9f3b4ad4288c6278c4b336608a16129e94e662b3c90,382630046531584,15000000000,158325,18807
037d7494f666955d305c09b9f3b4ad4288c6278c4b336608a16129e94e662b3c90,594835790692352,3508609000,19307,172509
03ae641aa89c4d2c0034b31bad23a4f80f841d593ddd52f7f35cf7896d0ef8a594,440904162803712,5000000000,89720,1356
03ae641aa89c4d2c0034b31bad23a4f80f841d593ddd52f7f35cf7896d0ef8a594,417814418620416,3000000000,12570,27904
03ae641aa89c4d2c0034b31bad23a4f80f841d593ddd52f7f35cf7896d0ef8a594,379331511648256,6000000000,8623,418198
03ae641aa89c4d2c0034b31bad23a4f80f841d593ddd52f7f35cf7896d0ef8a594,377132488392704,4000000000,523313,9026
03ae641aa89c4d2c0034b31bad23a4f80f841d593ddd52f7f35cf7896d0ef8a594,406819302342656,5000000000,13159,155104
03ae641aa89c4d2c0034b31bad23a4f80f841d593ddd52f7f35cf7896d0ef8a594,356241767464960,16000000000,0,1291
03ae641aa89c4d2c0034b31bad23a4f80f841d593ddd52f7f35cf7896d0ef8a594,381530534903808,8000000000,151877,186414
0353325e099c2b657ca5c4bb975a20b0c3de1d2391dabe73f40484aac255628d22,362838837231616,2000000000,301033,51661
0353325e099c2b657ca5c4bb975a20b0c3de1d2391dabe73f40484aac255628d22,366137372114944,4000000000,88692,334366
0353325e099c2b657ca5c4bb975a20b0c3de1d2391dabe73f40484aac255628d22,368336395370497,80000000000,28771,0
0353325e099c2b657ca5c4bb975a20b0c3de1d2391dabe73f40484aac255628d22,484884627914752,2000000000,31660,28216
0353325e099c2b657ca5c4bb975a20b0c3de1d2391dabe73f40484aac255628d22,372734441881600,4000000000,189988,284669
0353325e099c2b657ca5c4bb975a20b0c3de1d2391dabe73f40484aac255628d22,333152023281665,10000000000,0,90692
0353325e099c2b657ca5c4bb975a20b0c3de1d2391dabe73f40484aac255628d22,387028093042688,1000000000,36322,203986
0353325e099c2b657ca5c4bb975a20b0c3de1d2391dabe73f40484aac255628d22,356241767464960,16000000000,6106,149735
0353325e099c2b657ca5c4bb975a20b0c3de1d2391dabe73f40484aac255628d22,363938348859392,2000000000,219717,212901
0353325e099c2b657ca5c4bb975a20b0c3de1d2391dabe73f40484aac255628d22,348545186070529,80000000000,205,64
0353325e099c2b657ca5c4bb975a20b0c3de1d2391dabe73f40484aac255628d22,348545186070528,2000000000,547384,93742
02a2e6a8709be5733e76556bf7f0482b7661dc8acf4724d681ff2d8d975cc52edb,392525651181568,3154337000,72,0
02a2e6a8709be5733e76556bf7f0482b7661dc8acf4724d681ff2d8d975cc52edb,391426139553792,1600625000,0,72
039eed455b9a3da293e8202ea622c22669081dca7cd7d2082225b8de9541f82b82,479387069775872,2000000000,0,47870
039eed455b9a3da293e8202ea622c22669081dca7cd7d2082225b8de9541f82b82,357341279092736,1000000000,60384,23755
039eed455b9a3da293e8202ea622c22669081dca7cd7d2082225b8de9541f82b82,363938348859392,2000000000,1848,2375
039eed455b9a3da293e8202ea622c22669081dca7cd7d2082225b8de9541f82b82,361739325603840,3000000000,21906,10139
0293bc8988a035126d3d343cd918c9f336567faf8cbe41d9df7574c8644895aa14,539860209303552,10000000000,67186,1655
0293bc8988a035126d3d343cd918c9f336567faf8cbe41d9df7574c8644895aa14,448600744198144,8500000000,0,157715
0293bc8988a035126d3d343cd918c9f336567faf8cbe41d9df7574c8644895aa14,540959720931328,10000000000,4808,331017
0293bc8988a035126d3d343cd918c9f336567faf8cbe41d9df7574c8644895aa14,447501232570368,5000000000,10509,135
0293bc8988a035126d3d343cd918c9f336567faf8cbe41d9df7574c8644895aa14,543158744186880,3800000000,103000,60727
0293bc8988a035126d3d343cd918c9f336567faf8cbe41d9df7574c8644895aa14,492581209309184,2000000000,199646,2809
0293bc8988a035126d3d343cd918c9f336567faf8cbe41d9df7574c8644895aa14,538760697675776,15000000000,193522,24279
02050c19efa483b14810bd4a83dd0c86d76c2c968e6606624b65b4a78907b6aed4,560750930231296,1000000000,0,0
039cc5f54fcb4ceb6900d13d899a1ea5a142f350cebceaae21043d1d502bb85ef5,462894395359232,20000000000,9459988,18737975
039cc5f54fcb4ceb6900d13d899a1ea5a142f350cebceaae21043d1d502bb85ef5,590437744181248,21654642000,858373,975001
039cc5f54fcb4ceb6900d13d899a1ea5a142f350cebceaae21043d1d502bb85ef5,580542139531264,12000000000,2541439,11992448
039cc5f54fcb4ceb6900d13d899a1ea5a142f350cebceaae21043d1d502bb85ef5,534362651164672,15000000000,65420,1381285
039cc5f54fcb4ceb6900d13d899a1ea5a142f350cebceaae21043d1d502bb85ef5,553054348836864,100000000000,469884,88992859
039cc5f54fcb4ceb6900d13d899a1ea5a142f350cebceaae21043d1d502bb85ef5,480486581403648,2000000000,7972599,27173
039cc5f54fcb4ceb6900d13d899a1ea5a142f350cebceaae21043d1d502bb85ef5,463993906987008,25000000000,0,79781164
039cc5f54fcb4ceb6900d13d899a1ea5a142f350cebceaae21043d1d502bb85ef5,336450558164992,10000000000,180521202,1145
033b63e4a9931dc151037acbce12f4f8968c86f5655cf102bbfa85a26bd4adc6d9,389227116298240,12345678000,118584,1959552
033b63e4a9931dc151037acbce12f4f8968c86f5655cf102bbfa85a26bd4adc6d9,569547023253504,10000000000,664504,933875
033b63e4a9931dc151037acbce12f4f8968c86f5655cf102bbfa85a26bd4adc6d9,562949953486848,4000000000,1466098,17293719
033b63e4a9931dc151037acbce12f4f8968c86f5655cf102bbfa85a26bd4adc6d9,577243604647936,10000000000,0,350775
033b63e4a9931dc151037acbce12f4f8968c86f5655cf102bbfa85a26bd4adc6d9,576144093020160,10000000000,33321,439536
033b63e4a9931dc151037acbce12f4f8968c86f5655cf102bbfa85a26bd4adc6d9,366137372114944,4000000000,819981,87313
033b63e4a9931dc151037acbce12f4f8968c86f5655cf102bbfa85a26bd4adc6d9,462894395359232,20000000000,1061522,3926301
033b63e4a9931dc151037acbce12f4f8968c86f5655cf102bbfa85a26bd4adc6d9,564049465114624,10000000000,1629665,4171275
033b63e4a9931dc151037acbce12f4f8968c86f5655cf102bbfa85a26bd4adc6d9,575044581392384,10000000000,3664651,1785745
033b63e4a9931dc151037acbce12f4f8968c86f5655cf102bbfa85a26bd4adc6d9,334251534909440,10000000000,83976051,466947
033b63e4a9931dc151037acbce12f4f8968c86f5655cf102bbfa85a26bd4adc6d9,371634930253824,4000000000,564605,4425297
033b63e4a9931dc151037acbce12f4f8968c86f5655cf102bbfa85a26bd4adc6d9,578343116275712,4000000000,182802,4167822
033b63e4a9931dc151037acbce12f4f8968c86f5655cf102bbfa85a26bd4adc6d9,573945069764608,4000000000,303424,1291496
033b63e4a9931dc151037acbce12f4f8968c86f5655cf102bbfa85a26bd4adc6d9,556352883720192,10000000000,0,4410787
033b63e4a9931dc151037acbce12f4f8968c86f5655cf102bbfa85a26bd4adc6d9,513471930236928,22222222000,5498246,746569
033b63e4a9931dc151037acbce12f4f8968c86f5655cf102bbfa85a26bd4adc6d9,377132488392704,4000000000,315741,8572217
033b63e4a9931dc151037acbce12f4f8968c86f5655cf102bbfa85a26bd4adc6d9,433207581409280,10000000000,166463,2803148
033b63e4a9931dc151037acbce12f4f8968c86f5655cf102bbfa85a26bd4adc6d9,570646534881280,10000000000,327283,21150776
033b63e4a9931dc151037acbce12f4f8968c86f5655cf102bbfa85a26bd4adc6d9,599233837203456,10000000000,149031,4150388
033b63e4a9931dc151037acbce12f4f8968c86f5655cf102bbfa85a26bd4adc6d9,461794883731456,20000000000,27389,1558008
033b63e4a9931dc151037acbce12f4f8968c86f5655cf102bbfa85a26bd4adc6d9,454098302337024,10000000000,782820,6977864
033b63e4a9931dc151037acbce12f4f8968c86f5655cf102bbfa85a26bd4adc6d9,435406604664832,10000000000,0,1411863
033b63e4a9931dc151037acbce12f4f8968c86f5655cf102bbfa85a26bd4adc6d9,557452395347968,10000000000,0,27272
033b63e4a9931dc151037acbce12f4f8968c86f5655cf102bbfa85a26bd4adc6d9,555253372092416,10000000000,1736540,10222060
033b63e4a9931dc151037acbce12f4f8968c86f5655cf102bbfa85a26bd4adc6d9,579442627903488,10000000000,255717,413502
027ce055380348d7812d2ae7745701c9f93e70c1adeb2657f053f91df4f2843c71,425511000014848,16000000000,381636,4354373
027ce055380348d7812d2ae7745701c9f93e70c1adeb2657f053f91df4f2843c71,597034813947904,200000000000,394127,78407545
027ce055380348d7812d2ae7745701c9f93e70c1adeb2657f053f91df4f2843c71,600333348831232,12393755000,241476,172959
027ce055380348d7812d2ae7745701c9f93e70c1adeb2657f053f91df4f2843c71,522268023259136,10000000000,324099,2357962
027ce055380348d7812d2ae7745701c9f93e70c1adeb2657f053f91df4f2843c71,463993906987008,25000000000,1574759,13967263
027ce055380348d7812d2ae7745701c9f93e70c1adeb2657f053f91df4f2843c71,568447511625728,100000000000,153690282,2949656
027ce055380348d7812d2ae7745701c9f93e70c1adeb2657f053f91df4f2843c71,540959720931328,10000000000,1695508,5706974
027ce055380348d7812d2ae7745701c9f93e70c1adeb2657f053f91df4f2843c71,566248488370176,10000000000,3471081,21874
027ce055380348d7812d2ae7745701c9f93e70c1adeb2657f053f91df4f2843c71,505775348842496,88888888000,9521804,28569718
027ce055380348d7812d2ae7745701c9f93e70c1adeb2657f053f91df4f2843c71,558551906975744,10000000000,7056513,7571442
027ce055380348d7812d2ae7745701c9f93e70c1adeb2657f053f91df4f2843c71,509073883725824,100000000000,835006,22649514
027ce055380348d7812d2ae7745701c9f93e70c1adeb2657f053f91df4f2843c71,523367534886912,80000000000,4674723,6648445
027ce055380348d7812d2ae7745701c9f93e70c1adeb2657f053f91df4f2843c71,556352883720192,10000000000,2064133,12545869
029efe15ef5f0fcc2fdd6b910405e78056b28c9b64e1feff5f13b8dce307e67cad,524467046514688,7000000000,647743,275066
029efe15ef5f0fcc2fdd6b910405e78056b28c9b64e1feff5f13b8dce307e67cad,415615395364864,2000000000,0,334369
029efe15ef5f0fcc2fdd6b910405e78056b28c9b64e1feff5f13b8dce307e67cad,414515883737088,1000000000,106668,228297
029efe15ef5f0fcc2fdd6b910405e78056b28c9b64e1feff5f13b8dce307e67cad,493680720936960,6000000000,21195,2390
029efe15ef5f0fcc2fdd6b910405e78056b28c9b64e1feff5f13b8dce307e67cad,412316860481536,1000000000,49283,190450
029efe15ef5f0fcc2fdd6b910405e78056b28c9b64e1feff5f13b8dce307e67cad,457396837220352,20200200000,517720,1591804
029efe15ef5f0fcc2fdd6b910405e78056b28c9b64e1feff5f13b8dce307e67cad,410117837225984,4000000000,546266,69565
029efe15ef5f0fcc2fdd6b910405e78056b28c9b64e1feff5f13b8dce307e67cad,444202697687040,2000000000,0,116864
029efe15ef5f0fcc2fdd6b910405e78056b28c9b64e1feff5f13b8dce307e67cad,598134325575680,200000000000,4199376,559622
029efe15ef5f0fcc2fdd6b910405e78056b28c9b64e1feff5f13b8dce307e67cad,413416372109312,4000000000,0,42382
029efe15ef5f0fcc2fdd6b910405e78056b28c9b64e1feff5f13b8dce307e67cad,520069000003584,279518538000,18963270,19044679
029efe15ef5f0fcc2fdd6b910405e78056b28c9b64e1feff5f13b8dce307e67cad,330953000026112,10000000000,132510255,70
029efe15ef5f0fcc2fdd6b910405e78056b28c9b64e1feff5f13b8dce307e67cad,435406604664832,10000000000,2286597,430834
029efe15ef5f0fcc2fdd6b910405e78056b28c9b64e1feff5f13b8dce307e67cad,597034813947904,200000000000,0,136961819
0243054886aa6026a4312583bab952dad7723f840d037884d5a72b729fdb52ecbd,592636767436800,16777215000,979107,141005
0243054886aa6026a4312583bab952dad7723f840d037884d5a72b729fdb52ecbd,593736279064576,16777215000,167749,1354242
0243054886aa6026a4312583bab952dad7723f840d037884d5a72b729fdb52ecbd,554153860464640,5662475000,321462,4517944
0243054886aa6026a4312583bab952dad7723f840d037884d5a72b729fdb52ecbd,595935302320128,16486691000,40435,753940
0243054886aa6026a4312583bab952dad7723f840d037884d5a72b729fdb52ecbd,345246651187200,10000000000,6003952,101107
0243054886aa6026a4312583bab952dad7723f840d037884d5a72b729fdb52ecbd,446401720942592,3066952000,666728,0
0243054886aa6026a4312583bab952dad7723f840d037884d5a72b729fdb52ecbd,594835790692352,3508609000,782187,260832
0243054886aa6026a4312583bab952dad7723f840d037884d5a72b729fdb52ecbd,600333348831232,12393755000,0,1830471
033dbb3f4662640d4888918eeb986069b9b775c921b9ec6debcada1b3ac58a1b0b,368336395370496,50000000000,4523292,0
033dbb3f4662640d4888918eeb986069b9b775c921b9ec6debcada1b3ac58a1b0b,368336395370497,80000000000,0,4523292
03a12876c29a8a48bcd99905a04a2b3401ea3139e91e3bf26c05fde3b68d40261a,460695372103680,1200000000,0,0
03a12876c29a8a48bcd99905a04a2b3401ea3139e91e3bf26c05fde3b68d40261a,459595860475904,1000000000,0,0
02c4a7390c5c0e28eff5d8034a49d724900b196948f5723fecd887512b2f0020f3,532163627909120,10000000000,394024,0
02c4a7390c5c0e28eff5d8034a49d724900b196948f5723fecd887512b2f0020f3,533263139536896,10000000000,199722,296414
02c4a7390c5c0e28eff5d8034a49d724900b196948f5723fecd887512b2f0020f3,432108069781504,5000000000,29424,737
02c4a7390c5c0e28eff5d8034a49d724900b196948f5723fecd887512b2f0020f3,472790000009216,2000000000,189684,208849
02c4a7390c5c0e28eff5d8034a49d724900b196948f5723fecd887512b2f0020f3,426610511642624,2500000000,4007,18005
02c4a7390c5c0e28eff5d8034a49d724900b196948f5723fecd887512b2f0020f3,433207581409280,10000000000,2416,294505
03e8b9a977fa3ae7acce74c25986c7240a921222e349729737df832a1b5ceb49df,494780232564736,2000000000,0,0
03e8b9a977fa3ae7acce74c25986c7240a921222e349729737df832a1b5ceb49df,373833953509376,4000000000,0,0
03ff8254accfed217b86979443346dcee6673ffb06eb7942d0ef14f568930625b7,415615395364864,2000000000,0,0
03ff8254accfed217b86979443346dcee6673ffb06eb7942d0ef14f568930625b7,478287558148096,2000000000,0,0
025022f660d278b8d90415bdde1b385841b6caf179dc69569e4b55fd5aec70555f,510173395353600,16777215000,4717921,0
025022f660d278b8d90415bdde1b385841b6caf179dc69569e4b55fd5aec70555f,409018325598208,30000000000,0,40964649
025022f660d278b8d90415bdde1b385841b6caf179dc69569e4b55fd5aec70555f,432108069781504,5000000000,801,60433
025022f660d278b8d90415bdde1b385841b6caf179dc69569e4b55fd5aec70555f,403520767459328,7651301000,3854578,10139
025022f660d278b8d90415bdde1b385841b6caf179dc69569e4b55fd5aec70555f,539860209303552,10000000000,0,14131949
025022f660d278b8d90415bdde1b385841b6caf179dc69569e4b55fd5aec70555f,343047627931648,10000000000,45885599,1588
025022f660d278b8d90415bdde1b385841b6caf179dc69569e4b55fd5aec70555f,507974372098048,10000000000,14258,74957
025022f660d278b8d90415bdde1b385841b6caf179dc69569e4b55fd5aec70555f,531064116281344,10000000000,633542,0
025022f660d278b8d90415bdde1b385841b6caf179dc69569e4b55fd5aec70555f,536561674420224,8000000000,56891,1628
025022f660d278b8d90415bdde1b385841b6caf179dc69569e4b55fd5aec70555f,428809534898176,5000000000,100363,19389
03279fc82bf354280cdae4c84033f856606cbe2d431d7cafa4387329dbd5ae529f,352943232581632,16777215000,257,1360136
03279fc82bf354280cdae4c84033f856606cbe2d431d7cafa4387329dbd5ae529f,351843720953856,5000000000,176992,0
03279fc82bf354280cdae4c84033f856606cbe2d431d7cafa4387329dbd5ae529f,350744209326080,5000000000,1607192,172559
03279fc82bf354280cdae4c84033f856606cbe2d431d7cafa4387329dbd5ae529f,483785116286976,2000000000,0,251752
